mae,rmse,r2,bias,period,period_label,target_kind,target_label,holdout_city,holdout_start,train_rows,test_rows,observed_mean,predicted_mean,feature_count,transformed_feature_count,n_estimators,target_meta,calibration_scope
22.0017024670293,35.846920828303816,0.5974641264862748,-1.0959678379199445,pre_covid_2018_2019,疫情前,log1p,log1p(PM2.5),Baoding,2019-01-01 00:00:00,105120,8760,58.29777526855469,57.20180613424733,248,456,600,"{""target_kind"": ""log1p""}",training_rows_only
18.837129186031948,27.959964223919556,0.49191228780578444,-2.1677400386064094,pre_covid_2018_2019,疫情前,log1p,log1p(PM2.5),Beijing,2019-01-01 00:00:00,105120,8760,42.1556510925293,39.98791064640675,248,455,600,"{""target_kind"": ""log1p""}",training_rows_only
18.24050835437666,26.827358879068914,0.6264884294888868,6.084768240309255,pre_covid_2018_2019,疫情前,log1p,log1p(PM2.5),Cangzhou,2019-01-01 00:00:00,105120,8760,49.90005874633789,55.98482531804369,248,456,600,"{""target_kind"": ""log1p""}",training_rows_only
10.579042738321476,15.338308061854502,0.5759386562356712,2.5305744597544026,pre_covid_2018_2019,疫情前,log1p,log1p(PM2.5),Chengde,2019-01-01 00:00:00,105120,8760,29.513071060180664,32.043645236227846,248,456,600,"{""target_kind"": ""log1p""}",training_rows_only
21.860072584416756,33.9132227408694,0.6394769011282904,-1.0413782650013155,pre_covid_2018_2019,疫情前,log1p,log1p(PM2.5),Handan,2019-01-01 00:00:00,105120,8760,65.66090393066406,64.61952356126497,248,456,600,"{""target_kind"": ""log1p""}",training_rows_only
18.65058476301274,29.67252048010218,0.6502533861909356,3.964022750007528,pre_covid_2018_2019,疫情前,log1p,log1p(PM2.5),Hengshui,2019-01-01 00:00:00,105120,8760,56.4884147644043,60.45243599223439,248,456,600,"{""target_kind"": ""log1p""}",training_rows_only
17.59440830993673,26.70304528915313,0.6252422423532502,6.134896287667993,pre_covid_2018_2019,疫情前,log1p,log1p(PM2.5),Langfang,2019-01-01 00:00:00,105120,8760,46.09355163574219,52.22844651603293,248,456,600,"{""target_kind"": ""log1p""}",training_rows_only
19.652074055829164,29.12394946435569,0.40824478250756857,6.697225293108296,pre_covid_2018_2019,疫情前,log1p,log1p(PM2.5),Qinhuangdao,2019-01-01 00:00:00,105120,8760,40.69326400756836,47.39049013274662,248,456,600,"{""target_kind"": ""log1p""}",training_rows_only
21.565870257576236,32.39289723757456,0.702385572361985,3.944217165619132,pre_covid_2018_2019,疫情前,log1p,log1p(PM2.5),Shijiazhuang,2019-01-01 00:00:00,105120,8760,62.99138259887695,66.93559844404908,248,456,600,"{""target_kind"": ""log1p""}",training_rows_only
18.438142298446383,30.64130499212073,0.5086031441858956,-9.426232990933803,pre_covid_2018_2019,疫情前,log1p,log1p(PM2.5),Tangshan,2019-01-01 00:00:00,105120,8760,54.07808303833008,44.65184920003052,248,456,600,"{""target_kind"": ""log1p""}",training_rows_only
19.328700155752554,29.33314169820508,0.5794833237142909,-0.12104416810006997,pre_covid_2018_2019,疫情前,log1p,log1p(PM2.5),Tianjin,2019-01-01 00:00:00,105120,8760,51.38127899169922,51.260234371039324,248,455,600,"{""target_kind"": ""log1p""}",training_rows_only
22.343938818020508,34.06736318161771,0.6511258845870207,1.1599796256139137,pre_covid_2018_2019,疫情前,log1p,log1p(PM2.5),Xingtai,2019-01-01 00:00:00,105120,8760,64.40336608886719,65.5633472055226,248,456,600,"{""target_kind"": ""log1p""}",training_rows_only
9.78708965297689,15.985917481086345,0.40039936032519763,-0.2707358943578237,pre_covid_2018_2019,疫情前,log1p,log1p(PM2.5),Zhangjiakou,2019-01-01 00:00:00,105120,8760,25.907020568847656,25.63628465336965,248,456,600,"{""target_kind"": ""log1p""}",training_rows_only
15.48456417182148,22.031991292692325,0.6576859490104525,4.05341399449221,covid_2020_2022,疫情期,raw,PM2.5 原值,Baoding,2022-01-01 00:00:00,210528,8760,43.59206771850586,47.64548020453787,248,266,598,"{""target_kind"": ""raw""}",training_rows_only
14.73004122741095,20.39090446860667,0.5395442682107572,6.738321482710101,covid_2020_2022,疫情期,raw,PM2.5 原值,Beijing,2022-01-01 00:00:00,210528,8760,30.200855255126953,36.939177647093665,248,265,598,"{""target_kind"": ""raw""}",training_rows_only
15.369401695087712,24.076749457056515,0.5890189156332838,3.74052153916609,covid_2020_2022,疫情期,raw,PM2.5 原值,Cangzhou,2022-01-01 00:00:00,210528,8760,39.26358413696289,43.00410601405194,248,266,598,"{""target_kind"": ""raw""}",training_rows_only
9.950023622670368,13.851404587750235,0.5070568396256323,5.880322801362278,covid_2020_2022,疫情期,raw,PM2.5 原值,Chengde,2022-01-01 00:00:00,210528,8760,26.287443161010742,32.1677657237367,248,266,598,"{""target_kind"": ""raw""}",training_rows_only
16.4284000637212,25.10453279615735,0.6479074469992722,-3.593298221909898,covid_2020_2022,疫情期,raw,PM2.5 原值,Handan,2022-01-01 00:00:00,210528,8760,51.60993194580078,48.01663328493942,248,266,598,"{""target_kind"": ""raw""}",training_rows_only
16.894549566085654,25.76038320683292,0.6344956275965389,2.8355069167049614,covid_2020_2022,疫情期,raw,PM2.5 原值,Hengshui,2022-01-01 00:00:00,210528,8760,43.59292221069336,46.42842929105254,248,266,598,"{""target_kind"": ""raw""}",training_rows_only
14.880774113190538,22.104637221582653,0.5717445101489504,4.560616986610989,covid_2020_2022,疫情期,raw,PM2.5 原值,Langfang,2022-01-01 00:00:00,210528,8760,36.53361892700195,41.094235708072176,248,266,598,"{""target_kind"": ""raw""}",training_rows_only
16.527030452179964,21.249913014008524,0.24309553808029105,13.02460664295701,covid_2020_2022,疫情期,raw,PM2.5 原值,Qinhuangdao,2022-01-01 00:00:00,210528,8760,27.89600372314453,40.920611209167056,248,266,598,"{""target_kind"": ""raw""}",training_rows_only
14.341260038322726,19.822623705557465,0.6644853987822616,5.642774041729498,covid_2020_2022,疫情期,raw,PM2.5 原值,Shijiazhuang,2022-01-01 00:00:00,210528,8760,46.26033020019531,51.903105091957805,248,266,598,"{""target_kind"": ""raw""}",training_rows_only
12.4312991973875,19.689603345810642,0.6078419686823595,-0.7762233758672263,covid_2020_2022,疫情期,raw,PM2.5 原值,Tangshan,2022-01-01 00:00:00,210528,8760,37.21244430541992,36.43621954672494,248,266,598,"{""target_kind"": ""raw""}",training_rows_only
13.73092804293658,20.62771263729689,0.6013730897694405,2.6522003599748207,covid_2020_2022,疫情期,raw,PM2.5 原值,Tianjin,2022-01-01 00:00:00,210528,8760,36.966552734375,39.61875287139034,248,265,598,"{""target_kind"": ""raw""}",training_rows_only
17.14453972897144,24.421226135191,0.6598262636878791,3.4768681206513903,covid_2020_2022,疫情期,raw,PM2.5 原值,Xingtai,2022-01-01 00:00:00,210528,8760,48.73995590209961,52.2168224586598,248,266,598,"{""target_kind"": ""raw""}",training_rows_only
12.833260453951407,17.688678236356438,0.1418429087007178,9.560691104617401,covid_2020_2022,疫情期,raw,PM2.5 原值,Zhangjiakou,2022-01-01 00:00:00,210528,8760,17.974029541015625,27.534720784982703,248,266,598,"{""target_kind"": ""raw""}",training_rows_only
20.9489887620115,29.53479135924933,0.47746107170457897,-4.425217052512801,post_covid_2023_plus,疫情后,anomaly,同城同月同小时气候态异常,Baoding,2025-06-01 00:00:00,254016,8755,57.634666442871094,53.209448796766154,248,266,600,"{""target_kind"": ""anomaly"", ""climatology_global_train"": 39.099998474121094, ""climatology_global_train_valid"": 39.099998474121094}",training_rows_only
42.48675445814141,62.840708824923674,-0.04070894965537941,-36.78357580364445,post_covid_2023_plus,疫情后,anomaly,同城同月同小时气候态异常,Beijing,2025-06-01 00:00:00,254016,8755,85.41596221923828,48.63238073344321,248,265,600,"{""target_kind"": ""anomaly"", ""climatology_global_train"": 38.5, ""climatology_global_train_valid"": 38.5}",training_rows_only
19.51400264750522,27.289424928671846,0.3417292957474204,-1.424268140884556,post_covid_2023_plus,疫情后,anomaly,同城同月同小时气候态异常,Cangzhou,2025-06-01 00:00:00,254016,8755,44.686214447021484,43.261945435003646,248,266,600,"{""target_kind"": ""anomaly"", ""climatology_global_train"": 39.79999923706055, ""climatology_global_train_valid"": 39.79999923706055}",training_rows_only
22.141298335748274,25.06455287981399,-0.15482722956370276,18.81919925006275,post_covid_2023_plus,疫情后,anomaly,同城同月同小时气候态异常,Chengde,2025-06-01 00:00:00,254016,8755,30.26790428161621,49.08710330264871,248,266,600,"{""target_kind"": ""anomaly"", ""climatology_global_train"": 41.400001525878906, ""climatology_global_train_valid"": 41.400001525878906}",training_rows_only
23.66406742867024,35.74597449866764,0.1686183522460959,-13.67506600054414,post_covid_2023_plus,疫情后,anomaly,同城同月同小时气候态异常,Handan,2025-06-01 00:00:00,254016,8755,58.90935134887695,45.23428860566027,248,266,600,"{""target_kind"": ""anomaly"", ""climatology_global_train"": 38.5, ""climatology_global_train_valid"": 38.5}",training_rows_only
21.04361278609988,29.468525077848533,0.2861725447428435,-2.151475318931115,post_covid_2023_plus,疫情后,anomaly,同城同月同小时气候态异常,Hengshui,2025-06-01 00:00:00,254016,8755,46.15507888793945,44.003601782761635,248,266,600,"{""target_kind"": ""anomaly"", ""climatology_global_train"": 39.599998474121094, ""climatology_global_train_valid"": 39.599998474121094}",training_rows_only
21.86493062828343,32.07998483534981,0.3568346301083276,-10.46148291879283,post_covid_2023_plus,疫情后,anomaly,同城同月同小时气候态异常,Langfang,2025-06-01 00:00:00,254016,8755,54.72307205200195,44.261589587481794,248,266,600,"{""target_kind"": ""anomaly"", ""climatology_global_train"": 39.29999923706055, ""climatology_global_train_valid"": 39.29999923706055}",training_rows_only
19.256712982852825,23.871573481117885,0.06427088711885498,12.300041561810907,post_covid_2023_plus,疫情后,anomaly,同城同月同小时气候态异常,Qinhuangdao,2025-06-01 00:00:00,254016,8755,32.846954345703125,45.146997578365664,248,266,600,"{""target_kind"": ""anomaly"", ""climatology_global_train"": 40.70000076293945, ""climatology_global_train_valid"": 40.70000076293945}",training_rows_only
24.800071030354957,35.01481490771991,0.30945811589226924,-15.738812015279434,post_covid_2023_plus,疫情后,anomaly,同城同月同小时气候态异常,Shijiazhuang,2025-06-01 00:00:00,254016,8755,66.29170227050781,50.55289555422087,248,266,600,"{""target_kind"": ""anomaly"", ""climatology_global_train"": 38.900001525878906, ""climatology_global_train_valid"": 38.900001525878906}",training_rows_only
19.328882699208858,26.579092662308405,0.4237796942386993,-4.662588886758253,post_covid_2023_plus,疫情后,anomaly,同城同月同小时气候态异常,Tangshan,2025-06-01 00:00:00,254016,8755,48.9188232421875,44.256234623394846,248,266,600,"{""target_kind"": ""anomaly"", ""climatology_global_train"": 39.70000076293945, ""climatology_global_train_valid"": 39.70000076293945}",training_rows_only
28.67765590874295,45.90918850266453,0.15479648581262773,-19.77658892432319,post_covid_2023_plus,疫情后,anomaly,同城同月同小时气候态异常,Tianjin,2025-06-01 00:00:00,254016,8755,62.82889175415039,43.052297397437414,248,265,600,"{""target_kind"": ""anomaly"", ""climatology_global_train"": 39.099998474121094, ""climatology_global_train_valid"": 39.099998474121094}",training_rows_only
18.61163050161584,25.964634289708805,0.35571402786893325,-4.8557043822074375,post_covid_2023_plus,疫情后,anomaly,同城同月同小时气候态异常,Xingtai,2025-06-01 00:00:00,254016,8755,50.99542236328125,46.139715344312066,248,266,600,"{""target_kind"": ""anomaly"", ""climatology_global_train"": 39.20000076293945, ""climatology_global_train_valid"": 39.20000076293945}",training_rows_only
19.33428400724092,22.441336391233374,-0.763126268323093,16.272177543304885,post_covid_2023_plus,疫情后,anomaly,同城同月同小时气候态异常,Zhangjiakou,2025-06-01 00:00:00,254016,8755,23.978254318237305,40.25042996319723,248,266,600,"{""target_kind"": ""anomaly"", ""climatology_global_train"": 41.900001525878906, ""climatology_global_train_valid"": 41.900001525878906}",training_rows_only
